"rgn_id","year","percent"
1,2010,0.0557541576097442
2,2010,0.123397760742903
3,2010,0.0444744626940539
4,2010,0.0422235012668973
