"rgn_id","pressure_score"
3,0.886045
4,0.886045
2,0.886045
1,0.886045
