"rgn_id","pressure_score"
3,0.172625907638687
4,0.172625907638687
2,0.172625907638687
1,0.172625907638687
