"rgn_id","pressure_score"
3,0.130156900399879
4,0.130156900399879
2,0.130156900399879
1,0.130156900399879
