"rgn_id","pressure_score"
3,0.733063461674848
4,0.733063461674848
2,0.733063461674848
1,0.733063461674848
