"rgn_id","trend"
3,0.0608011833933369
4,0.0608011833933369
2,0.0608011833933369
1,0.0608011833933369
