"rgn_id","trend.score"
3,"0.535174442356423"
4,"0.535174442356423"
2,"0.535174442356423"
1,"0.535174442356423"
