"rgn_id","trend.score"
3,-0.21032281220794
4,-0.21032281220794
2,-0.21032281220794
1,-0.21032281220794
