"rgn_id","trend"
3,0.00231502642354798
4,0.00231502642354798
2,0.00231502642354798
1,0.00231502642354798
