"rgn_id","saup_id","prop_area"
3,84,0.523299217803527
4,84,0.141670737095852
2,84,0.266084836559284
1,84,0.0689452085413369
