"rgn_id","resilience.score"
3,0.874989979156722
4,0.874989979156722
2,0.874989979156722
1,0.874989979156722
