"rgn_id","resilience.score"
3,0.877333333333333
4,0.877333333333333
2,0.877333333333333
1,0.877333333333333
