"rgn_id","resilience.score"
3,0.814242484367542
4,0.814242484367542
2,0.814242484367542
1,0.814242484367542
