"rgn_id","pressure_score"
3,0.175452681481331
4,0.175452681481331
2,0.175452681481331
1,0.175452681481331
