"rgn_id","pressure_score"
3,0.0416735264638196
4,0.0416735264638196
2,0.0416735264638196
1,0.0416735264638196
