"rgn_id","pressure_score"
3,0.0195745172401989
4,0.0195745172401989
2,0.0195745172401989
1,0.0195745172401989
