"rgn_id","w_fis"
3,0.32936399049319
4,0.32936399049319
2,0.32936399049319
1,0.32936399049319
