"rgn_id","habitat","trend"
3,"mangrove",-0.159235668789809
4,"mangrove",-0.159235668789809
2,"mangrove",-0.159235668789809
1,"mangrove",-0.159235668789809
3,"seagrass",1
4,"seagrass",1
2,"seagrass",1
1,"seagrass",1
3,"soft_bottom",-0.0080194023841094
4,"soft_bottom",-0.0080194023841094
2,"soft_bottom",-0.0080194023841094
1,"soft_bottom",-0.0080194023841094
3,"coral",-0.12937610998057
4,"coral",-0.12937610998057
2,"coral",-0.12937610998057
1,"coral",-0.12937610998057
