"rgn_id","pressure_score"
3,0.0571966
4,0.0571966
2,0.0571966
1,0.0571966
