"rgn_id","pressure_score"
1,0.00656426680443372
2,0.0101281514109719
3,0.0274120794337781
4,0.0130921023508163
