"rgn_id","pressures.score"
3,0.020334754
4,0.020334754
2,0.020334754
1,0.020334754
