"cntry_key","sector","year","value"
"BLZ","cf",2003,3601.423
"BLZ","cf",2004,2645.104
"BLZ","cf",2005,3205.132
"BLZ","cf",2006,3371.242
"BLZ","cf",2007,3338.02
"BLZ","cf",2008,3586.394
"BLZ","mmw",1998,0
"BLZ","mmw",2006,0
"BLZ","tour",2005,18538.3311951
"BLZ","tour",2006,22078.6374998
"BLZ","tour",2007,25297.0977767
"BLZ","tour",2008,25361.4669822
"BLZ","tour",2009,23816.6060493
"BLZ","tour",2010,23623.4984327
