"rgn_id","score"
3,0.583877551020408
4,0.583877551020408
2,0.583877551020408
1,0.583877551020408
