"rgn_id","resilience.score"
3,0.354814147869
4,0.354814147869
2,0.354814147869
1,0.354814147869
