"rgn_id","pressure_score"
3,0.102248822732396
4,0.102248822732396
2,0.102248822732396
1,0.102248822732396
