"rgn_id","pressure_score"
3,0.14296884936356
4,0.14296884936356
2,0.14296884936356
1,0.14296884936356
