"rgn_id","pressure_score"
3,0.00895267
4,0.00895267
2,0.00895267
1,0.00895267
