"rgn_id","pressure_score"
3,0.0420998
4,0.0420998
2,0.0420998
1,0.0420998
