"rgn_id","pressure_score"
3,0.114288399382532
4,0.114288399382532
2,0.114288399382532
1,0.114288399382532
