"rgn_id","pressure_score"
3,0.546359467548881
4,0.546359467548881
2,0.546359467548881
1,0.546359467548881
