"rgn_id","pressure_score"
3,0.54635946754888
4,0.54635946754888
2,0.54635946754888
1,0.54635946754888
