"rgn_id","area_km2"
3,36153.9863771
4,36153.9863771
2,36153.9863771
1,36153.9863771
