"rgn_id","rgn_name","area_km2"
3,"Belize",3471.55004883
4,"Corozal",1261.15002441
2,"Stann Creek",2943.19995117
1,"Toledo",1089.67004395
