"rgn_id","rgn_name","area_km2"
3,"Belize",358.312988281
4,"Corozal",253.128005981
2,"Stann Creek",147.820007324
1,"Toledo",154.600997925
