"rgn_id","area_km2"
3,5977.40153146612
4,5977.40153146612
2,5977.40153146612
1,5977.40153146612
