"rgn_id","rgn_name","area_km2"
3,"Belize",18864.9003906
4,"Corozal",5107.22021484
2,"Stann Creek",9592.33984375
1,"Toledo",2485.4699707
