"rgn_id","area_km2"
3,734.403898898905
4,734.403898898905
2,734.403898898905
1,734.403898898905
