"rgn_id","pressures.score"
3,0.003092612282168
4,0.003092612282168
2,0.003092612282168
1,0.003092612282168
