"rgn_id","pressures.score"
3,0.116252851
4,0.116252851
2,0.116252851
1,0.116252851
