"rgn_id","score"
3,0.877212228394952
4,0.877212228394952
2,0.877212228394952
1,0.877212228394952
