"rgn_id","score"
3,0.887380163364266
4,0.887380163364266
2,0.887380163364266
1,0.887380163364266
