"rgn_id","score"
3,-0.141715600137022
4,-0.141715600137022
2,-0.141715600137022
1,-0.141715600137022
