"rgn_id","score"
3,0.507556364050239
4,0.507556364050239
2,0.507556364050239
1,0.507556364050239
