"rgn_id","score"
3,0.492443635949761
4,0.492443635949761
2,0.492443635949761
1,0.492443635949761
